11-14 08:19,58.4
11-14 08:20,58.8
11-14 08:21,59.6
11-14 08:22,59.5
11-14 08:23,58.0
11-14 08:24,59.0
11-14 08:25,59.0
11-14 08:26,57.3
11-14 08:27,57.4
11-14 08:28,57.5
11-14 08:29,58.7
11-14 08:30,58.5
11-14 08:31,66.5
11-14 08:32,68.0
11-14 08:33,68.3
11-14 08:34,74.0
11-14 08:35,70.7
11-14 08:36,71.6
11-14 08:37,70.6
11-14 08:38,70.3
11-14 08:39,69.3
11-14 08:40,66.3
11-14 08:41,65.5
11-14 08:42,61.7
11-14 08:43,60.8
11-14 08:44,62.8
11-14 08:45,62.1
11-14 08:46,64.2
11-14 08:47,73.7
11-14 08:48,68.8
11-14 08:49,67.1
11-14 08:50,67.6
11-14 08:51,67.9
11-14 08:52,67.0
11-14 08:53,64.3
11-14 08:54,66.5
11-14 08:55,62.0
11-14 08:56,61.7
11-14 08:57,63.3
11-14 08:58,59.4
11-14 08:59,61.2
11-14 09:00,63.7
11-14 09:01,63.2
11-14 09:02,72.2
11-14 09:03,63.5
11-14 09:04,60.1
11-14 09:05,63.0
11-14 09:06,64.8
11-14 09:07,59.6
11-14 09:08,62.0
11-14 09:09,65.4
11-14 09:10,62.4
11-14 09:11,71.4
11-14 09:12,67.4
11-14 09:13,68.3
11-14 09:14,64.7
11-14 09:15,70.4
11-14 09:16,66.0
11-14 09:17,72.2
11-14 09:18,72.3
11-14 09:19,63.0
11-14 09:20,73.2
11-14 09:21,68.5
11-14 09:22,70.5
11-14 09:23,67.6
11-14 09:24,70.8
11-14 09:25,64.5
11-14 09:26,65.0
11-14 09:27,69.0
11-14 09:28,66.2
11-14 09:29,71.4
11-14 09:30,67.5
11-14 09:31,70.7
11-14 09:32,68.8
11-14 09:33,66.0
11-14 09:34,68.8
11-14 09:35,63.8
11-14 09:36,69.7
11-14 09:37,65.1
11-14 09:38,67.4
11-14 09:39,63.9
11-14 09:40,70.2
11-14 09:41,64.6
11-14 09:42,60.9
11-14 09:43,64.3
11-14 09:44,68.1
11-14 09:45,63.6
11-14 09:46,62.1
11-14 09:47,68.4
11-14 09:48,64.4
11-14 09:49,61.2
11-14 09:50,63.4
11-14 09:51,67.8
11-14 09:52,63.0
11-14 09:53,60.4
11-14 09:54,63.0
11-14 09:55,62.4
11-14 09:56,59.2
11-14 09:57,65.5
11-14 09:58,62.2
11-14 09:59,61.0
11-14 10:00,66.8
11-14 10:01,75.8
11-14 10:02,68.0
11-14 10:03,72.7
11-14 10:04,72.2
11-14 10:05,70.4
11-14 10:06,74.1
11-14 10:07,65.9
11-14 10:08,66.7
11-14 10:09,72.7
11-14 10:10,68.4
11-14 10:11,75.8
11-14 10:12,74.5
11-14 10:13,65.3
11-14 10:14,67.1
11-14 10:15,70.1
11-14 10:16,70.1
11-14 10:17,65.3
11-14 10:18,66.1
11-14 10:19,67.1
11-14 10:20,69.5
11-14 10:21,64.0
11-14 10:22,64.8
11-14 10:23,66.0
11-14 10:24,61.7
11-14 10:25,58.2
11-14 10:26,66.0
11-14 10:27,76.8
11-14 10:28,62.7
11-14 10:29,65.5
11-14 10:30,76.3
11-14 10:31,61.0
11-14 10:32,60.8
11-14 10:33,64.1
11-14 10:34,58.4
11-14 10:35,63.4
11-14 10:36,71.2
11-14 10:37,65.1
11-14 10:38,76.0
11-14 10:39,67.4
11-14 10:40,70.1
11-14 10:41,81.6
11-14 10:42,70.3
11-14 10:43,68.4
11-14 10:44,68.9
11-14 10:45,76.8
11-14 10:46,66.0
11-14 10:47,69.4
11-14 10:48,73.5
11-14 10:49,82.3
11-14 10:50,82.5
11-14 10:51,72.8
11-14 10:52,69.6
11-14 10:53,72.5
11-14 10:54,77.5
11-14 10:55,72.8
11-14 10:56,73.6
11-14 10:57,74.6
11-14 10:58,73.7
11-14 10:59,75.1
11-14 11:00,73.2
11-14 11:01,75.4
11-14 11:02,77.2
11-14 11:03,75.8
11-14 11:04,60.8
11-14 11:05,68.1
11-14 11:06,82.0
11-14 11:07,62.6
11-14 11:08,63.2
11-14 11:09,66.6
11-14 11:10,82.3
11-14 11:11,63.9
11-14 11:12,73.1
11-14 11:13,77.2
11-14 11:14,61.3
11-14 11:15,67.9
11-14 11:16,82.3
11-14 11:17,67.0
11-14 11:18,73.0
11-14 11:19,84.8
11-14 11:20,71.9
11-14 11:21,67.6
11-14 11:22,80.6
11-14 11:23,88.9
11-14 11:24,70.1
11-14 11:25,69.5
11-14 11:26,77.0
11-14 11:27,76.1
11-14 11:28,68.9
11-14 11:29,76.2
11-14 11:30,69.2
11-14 11:31,68.3
11-14 11:32,69.6
11-14 11:33,86.7
11-14 11:34,77.3
11-14 11:35,66.5
11-14 11:36,75.5
11-14 11:37,85.7
11-14 11:38,72.5
11-14 11:39,80.3
11-14 11:40,92.8
11-14 11:41,71.9
11-14 11:42,86.8
11-14 11:43,90.4
11-14 11:44,77.4
11-14 11:45,73.9
11-14 11:46,74.4
11-14 11:47,77.9
11-14 11:48,76.2
11-14 11:49,74.3
11-14 11:50,69.8
11-14 11:51,91.0
11-14 11:52,74.0
11-14 11:53,69.7
11-14 11:54,70.7
11-14 11:55,74.1
11-14 11:56,85.2
11-14 11:57,71.6
11-14 11:58,60.7
11-14 11:59,76.2
11-14 12:00,80.9
11-14 12:01,70.9
11-14 12:02,63.1
11-14 12:03,73.0
11-14 12:04,63.3
11-14 12:05,76.9
11-14 12:06,79.1
11-14 12:07,66.3
11-14 12:08,68.0
11-14 12:09,65.6
11-14 12:10,64.3
11-14 12:11,64.1
11-14 12:12,69.4
11-14 12:13,67.3
11-14 12:14,63.4
11-14 12:15,85.5
11-14 12:16,78.2
11-14 12:17,64.5
11-14 12:18,69.6
11-14 12:19,69.6
11-14 12:20,73.0
11-14 12:21,73.2
11-14 12:22,73.1
11-14 12:23,73.5
11-14 12:24,72.2
11-14 12:25,70.3
11-14 12:26,70.8
11-14 12:27,71.4
11-14 12:28,73.7
11-14 12:29,69.7
11-14 12:30,68.6
11-14 12:31,71.6
11-14 12:32,64.8
11-14 12:33,68.3
11-14 12:34,68.1
11-14 12:35,66.2
11-14 12:36,66.4
11-14 12:37,66.7
11-14 12:38,65.2
11-14 12:39,70.6
11-14 12:40,63.7
11-14 12:41,63.5
11-14 12:42,78.1
11-14 12:43,61.5
11-14 12:44,65.5
11-14 12:45,71.5
11-14 12:46,69.9
11-14 12:47,73.2
11-14 12:48,64.9
11-14 12:49,64.7
11-14 12:50,64.8
11-14 12:51,66.3
11-14 12:52,65.0
11-14 12:53,63.0
11-14 12:54,64.8
11-14 12:55,64.0
11-14 12:56,60.9
11-14 12:57,65.4
11-14 12:58,61.6
11-14 12:59,60.6
11-14 13:00,63.3
11-14 13:01,61.3
11-14 13:02,64.1
11-14 13:03,66.5
11-14 13:04,62.1
11-14 13:05,59.1
11-14 13:06,60.4
11-14 13:07,59.5
11-14 13:08,65.0
11-14 13:09,58.6
11-14 13:10,57.5
11-14 13:11,59.6
11-14 13:12,57.4
11-14 13:13,60.9
11-14 13:14,58.6
11-14 13:15,57.5
11-14 13:16,60.0
11-14 13:17,57.3
11-14 13:18,60.9
11-14 13:19,58.4
11-14 13:20,57.2
11-14 13:21,59.8
11-14 13:22,57.2
11-14 13:23,58.2
11-14 13:24,62.0
11-14 13:25,58.0
11-14 13:26,58.9
11-14 13:27,60.0
11-14 13:28,59.3
11-14 13:29,71.6
11-14 13:30,81.8
11-14 13:31,59.5
11-14 13:32,60.1
11-14 13:33,57.7
11-14 13:34,61.2
11-14 13:35,58.3
11-14 13:36,58.3
11-14 13:37,60.1
11-14 13:38,59.2
11-14 13:39,61.0
11-14 13:40,60.5
11-14 13:41,57.3
11-14 13:42,60.1
11-14 13:43,57.7
11-14 13:44,58.3
11-14 13:45,62.8
11-14 13:46,58.6
11-14 13:47,59.4
11-14 13:48,58.0
11-14 13:49,59.8
11-14 13:50,59.9
11-14 13:51,59.5
11-14 13:52,57.1
11-14 13:53,57.4
11-14 13:54,57.4
11-14 13:55,58.0
11-14 13:56,66.8
11-14 13:57,75.7
11-14 13:58,68.6
11-14 13:59,70.0
11-14 14:00,73.6
11-14 14:01,74.3
11-14 14:02,77.0
11-14 14:03,71.7
11-14 14:04,62.2
11-14 14:05,72.0
11-14 14:06,76.1
11-14 14:07,65.5
11-14 14:08,75.5
11-14 14:09,70.7
11-14 14:10,68.3
11-14 14:11,73.2
11-14 14:12,72.9
11-14 14:13,71.0
11-14 14:14,67.6
11-14 14:15,73.7
11-14 14:16,60.8
11-14 14:17,71.9
11-14 14:18,83.0
11-14 14:19,81.2
11-14 14:20,73.7
11-14 14:21,73.8
11-14 14:22,70.8
11-14 14:23,88.6
11-14 14:24,71.6
11-14 14:25,60.6
11-14 14:26,77.2
11-14 14:27,88.3
11-14 14:28,72.3
11-14 14:29,77.5
11-14 14:30,87.5
11-14 14:31,72.4
11-14 14:32,80.3
11-14 14:33,82.5
11-14 14:34,76.9
11-14 14:35,76.0
11-14 14:36,80.9
11-14 14:37,61.0
11-14 14:38,75.9
11-14 14:39,70.8
11-14 14:40,62.5
11-14 14:41,73.0
11-14 14:42,73.7
11-14 14:43,61.2
11-14 14:44,64.8
11-14 14:45,63.6
11-14 14:46,74.9
11-14 14:47,68.5
11-14 14:48,64.6
11-14 14:49,74.5
11-14 14:50,68.2
11-14 14:51,73.2
11-14 14:52,72.8
11-14 14:53,63.8
11-14 14:54,60.4
11-14 14:55,63.0
11-14 14:56,80.8
11-14 14:57,63.2
11-14 14:58,59.1
11-14 14:59,78.7
11-14 15:00,68.3
11-14 15:01,61.6
11-14 15:02,67.9
11-14 15:03,91.4
11-14 15:04,79.2
11-14 15:05,72.7
11-14 15:06,91.6
11-14 15:07,88.1
11-14 15:08,81.1
11-14 15:09,91.5
11-14 15:10,93.1
11-14 15:11,93.5
11-14 15:12,76.9
11-14 15:13,81.0
11-14 15:14,89.2
11-14 15:15,86.0
11-14 15:16,80.3
11-14 15:17,81.1
11-14 15:18,89.2
11-14 15:19,89.0
11-14 15:20,84.3
11-14 15:21,80.8
11-14 15:22,84.1
11-14 15:23,92.9
11-14 15:24,94.2
11-14 15:25,93.1
11-14 15:26,94.3
11-14 15:27,90.9
11-14 15:28,91.3
11-14 15:29,90.1
11-14 15:30,91.5
11-14 15:31,83.8
11-14 15:32,83.4
11-14 15:33,83.4
11-14 15:34,82.6
11-14 15:35,84.5
11-14 15:36,82.6
11-14 15:37,66.6
11-14 15:38,74.0
11-14 15:39,79.8
11-14 15:40,72.3
11-14 15:41,85.9
11-14 15:42,87.1
11-14 15:43,75.2
11-14 15:44,78.4
11-14 15:45,77.8
11-14 15:46,85.1
11-14 15:47,69.2
11-14 15:48,73.9
11-14 15:49,69.8
11-14 15:50,85.3
11-14 15:51,69.4
11-14 15:52,74.3
11-14 15:53,80.5
11-14 15:54,78.0
11-14 15:55,72.7
11-14 15:56,73.7
11-14 15:57,75.3
11-14 15:58,82.9
11-14 15:59,87.4
11-14 16:00,81.8
11-14 16:01,85.6
11-14 16:02,74.9
11-14 16:03,81.8
11-14 16:04,74.1
11-14 16:05,75.3
11-14 16:06,81.2
11-14 16:07,75.7
11-14 16:08,75.9
11-14 16:09,73.1
11-14 16:10,72.5
11-14 16:11,87.3
11-14 16:12,66.4
11-14 16:13,72.0
11-14 16:14,70.9
11-14 16:21,63.3
11-14 16:22,83.6
11-14 16:23,69.0
11-14 16:24,77.9
11-14 16:25,70.6
11-14 16:26,76.2
11-14 16:27,69.8
11-14 16:28,77.3
11-14 16:29,71.2
11-14 16:30,78.5
11-14 16:31,70.1
11-14 16:32,78.2
11-14 16:33,88.4
11-14 16:34,76.1
11-14 16:35,78.9
11-14 16:36,71.4
11-14 16:37,78.0
11-14 16:38,74.6
11-14 16:39,77.8
11-14 16:40,76.3
11-14 16:41,86.1
11-14 16:42,75.0
11-14 16:43,72.5
11-14 16:44,68.1
11-14 16:45,70.2
11-14 16:46,70.3
11-14 16:47,60.5
11-14 16:48,65.7
11-14 16:49,85.2
11-14 16:50,92.1
11-14 16:51,87.0
11-14 16:52,83.9
11-14 16:53,70.5
11-14 16:54,74.7
11-14 16:55,80.8
11-14 16:56,73.0
11-14 16:57,72.7
11-14 16:58,77.8
11-14 16:59,71.5
11-14 17:00,72.9
11-14 17:01,73.8
11-14 17:02,74.5
11-14 17:03,89.1
11-14 17:04,73.6
11-14 17:05,61.3
11-14 17:06,64.1
11-14 17:07,77.1
11-14 17:08,63.1
11-14 17:09,66.4
11-14 17:10,75.4
11-14 17:11,60.5
11-14 17:12,69.7
11-14 17:13,68.6
11-14 17:14,61.1
11-14 17:15,60.2
11-14 17:16,69.7
11-14 17:17,63.1
11-14 17:18,62.5
11-14 17:19,60.0
11-14 17:20,57.1
11-14 17:21,60.7
11-14 17:22,59.4
11-14 17:23,57.5
11-14 17:24,61.2
11-14 17:25,57.5
11-14 17:26,57.1
11-14 17:27,59.6
11-14 17:28,56.7
11-14 17:29,62.8
11-14 17:30,57.8
11-14 17:31,59.3
11-14 17:32,59.5
11-14 17:33,57.3
11-14 17:34,60.9
11-14 17:35,57.6
11-14 17:36,57.2
11-14 17:37,59.5
11-14 17:38,57.6
11-14 17:39,59.2
11-14 17:40,58.9
11-14 17:41,57.1
11-14 17:42,58.8
11-14 17:43,58.1
11-14 17:44,57.1
11-14 17:45,61.2
11-14 17:46,57.1
11-14 17:47,57.2
11-14 17:48,59.8
11-14 17:49,57.2
11-14 17:50,60.6
11-14 17:51,57.4
11-14 17:52,56.9
11-14 17:53,59.1
11-14 17:54,62.9
11-14 17:55,71.5
11-14 17:56,64.1
11-14 17:57,61.3
11-14 17:58,60.6
11-14 17:59,59.2
11-14 18:00,61.3
11-14 18:01,60.4
11-14 18:02,58.5
11-14 18:03,60.2
11-14 18:04,58.8
11-14 18:05,63.6
11-14 18:06,66.1
11-14 18:07,59.0
11-14 18:08,60.1
11-14 18:09,60.9
11-14 18:10,57.3
11-14 18:11,60.3
11-14 18:12,57.3
11-14 18:13,57.3
11-14 18:14,59.5
11-14 18:15,57.5
11-15 01:28,82.4
11-15 01:29,70.2
11-15 01:30,82.0
11-15 01:31,59.8
11-15 01:32,65.9
11-15 01:33,85.1
11-15 01:34,75.4
11-15 01:35,72.8
11-15 01:36,84.6
11-15 01:37,73.6
11-15 01:38,75.0
11-15 01:39,81.4
11-15 01:40,78.2
11-15 01:41,79.7
11-15 01:42,78.4
11-15 01:43,74.1
11-15 01:44,77.8
11-15 01:45,76.1
11-15 01:46,70.4
11-15 01:47,70.8
11-15 01:48,87.7
11-15 01:49,83.5
11-15 01:50,86.6
11-15 01:51,88.0
11-15 01:52,85.9
11-15 01:53,84.6
11-15 01:54,76.5
11-15 01:55,76.3
11-15 01:56,74.0
11-15 01:57,81.7
11-15 01:58,75.6
11-15 01:59,75.9
11-15 02:00,79.8
11-15 02:01,89.0
11-15 02:02,87.5
11-15 02:03,87.4
11-15 02:04,84.9
11-15 02:05,92.1
11-15 02:06,86.6
11-15 02:07,74.8
11-15 02:08,79.6
11-15 02:09,81.3
11-15 02:10,66.2
11-15 02:11,81.3
11-15 02:12,73.4
11-15 02:13,66.4
11-15 02:14,74.7
11-15 02:15,78.1
11-15 02:16,75.2
11-15 02:17,70.0
11-15 02:18,69.5
11-15 02:19,67.2
11-15 02:20,72.7
11-15 02:21,80.5
11-15 02:22,64.3
11-15 02:23,70.4
11-15 02:24,71.2
11-15 02:25,68.4
11-15 02:26,77.8
11-15 02:27,76.2
11-15 02:28,74.8
11-15 02:29,76.3
11-15 02:30,84.0
11-15 02:31,73.8
11-15 02:32,75.7
11-15 02:33,70.4
11-15 02:34,65.8
11-15 02:35,78.6
11-15 02:36,71.5
11-15 02:37,79.1
11-15 02:38,71.0
11-15 02:39,74.0
11-15 02:40,66.5
11-15 02:41,73.5
11-15 02:42,76.7
11-15 02:43,70.5
11-15 02:44,70.3
11-15 02:45,69.3
11-15 02:46,71.1
11-15 02:47,70.7
11-15 02:48,76.5
11-15 02:49,61.2
11-15 02:50,68.5
11-15 02:51,72.8
11-15 02:52,62.8
11-15 02:53,73.0
11-15 02:54,67.9
11-15 02:55,68.1
11-15 02:56,71.8
11-15 02:57,72.0
11-15 02:58,69.5
11-15 02:59,68.9
11-15 03:00,70.6
11-15 03:01,76.8
11-15 03:02,76.1
11-15 03:03,70.2
11-15 03:04,71.0
11-15 03:05,75.6
11-15 03:06,75.3
11-15 03:07,64.6
11-15 03:08,72.0
11-15 03:09,69.1
11-15 03:10,65.4
11-15 03:11,74.2
11-15 03:12,70.2
11-15 03:13,64.1
11-15 03:14,64.6
11-15 03:15,67.8
11-15 03:16,63.0
11-15 03:17,69.7
11-15 03:18,70.4
11-15 03:19,68.9
11-15 03:20,72.5
11-15 03:21,70.3
11-15 03:22,68.1
11-15 03:23,68.2
11-15 03:24,65.4
11-15 03:25,62.6
11-15 03:26,66.3
11-15 03:27,67.7
11-15 03:28,68.3
11-15 03:29,66.6
11-15 03:30,66.6
11-15 03:31,87.5
11-15 03:32,83.6
11-15 03:33,91.3
11-15 03:34,73.8
11-15 03:35,70.7
11-15 03:36,69.4
11-15 03:37,69.8
11-15 03:38,85.1
11-15 03:39,68.5
11-15 03:40,69.7
11-15 03:41,68.2
11-15 03:42,68.1
11-15 03:43,67.5
11-15 03:44,81.0
11-15 03:45,71.7
11-15 03:46,71.4
11-15 03:47,67.6
11-15 03:48,70.5
11-15 03:49,62.7
11-15 03:50,66.0
11-15 03:51,78.9
11-15 03:52,70.1
11-15 03:53,81.1
11-15 03:54,77.6
11-15 03:55,74.3
11-15 03:56,74.2
11-15 03:57,77.5
11-15 03:58,73.0
11-15 03:59,73.5
11-15 04:00,74.1
11-15 04:01,90.5
11-15 04:02,83.3
11-15 04:03,84.3
11-15 04:04,81.5
11-15 04:05,80.1
11-15 04:06,93.5
11-15 04:07,83.9
11-15 04:08,83.0
11-15 04:09,90.1
11-15 04:10,77.0
11-15 04:11,88.2
11-15 04:12,90.5
11-15 04:13,70.4
11-15 04:14,86.0
11-15 04:15,86.0
11-15 04:16,76.0
11-15 04:17,83.3
11-15 04:18,76.1
11-15 04:19,70.7
11-15 04:20,81.6
11-15 04:21,82.1
11-15 04:22,71.9
11-15 04:23,87.7
11-15 04:24,86.6
11-15 04:25,70.8
11-15 04:26,73.1
11-15 04:27,78.9
11-15 04:28,84.1
11-15 04:29,79.7
11-15 04:30,74.5
11-15 04:31,75.0
11-15 04:32,74.7
11-15 04:33,73.6
11-15 04:34,70.6
11-15 04:35,76.1
11-15 04:36,77.3
11-15 04:37,70.8
11-15 04:38,78.0
11-15 04:39,74.3
11-15 04:40,68.7
11-15 04:41,76.2
11-15 04:42,77.6
11-15 04:43,68.5
11-15 04:44,68.7
11-15 04:45,71.3
11-15 04:46,68.0
11-15 04:47,73.3
11-15 04:48,72.7
11-15 04:49,71.8
11-15 04:50,76.1
11-15 04:51,89.1
11-15 04:52,68.4
11-15 04:53,76.4
11-15 04:54,74.1
11-15 04:55,68.5
11-15 04:56,75.2
11-15 04:57,74.2
11-15 04:58,71.6
11-15 04:59,73.9
11-15 05:00,77.5
11-15 05:01,82.5
11-15 05:02,75.9
11-15 05:03,84.3
11-15 05:04,82.7
11-15 05:05,80.7
11-15 05:06,88.4
11-15 05:07,69.3
11-15 05:08,78.2
11-15 05:09,75.5
11-15 05:10,70.3
11-15 05:11,83.6
11-15 05:12,80.5
11-15 05:13,70.2
11-15 05:14,78.3
11-15 05:15,80.3
11-15 05:16,78.4
11-15 05:17,84.2
11-15 05:18,74.3
11-15 05:19,74.2
11-15 05:20,73.0
11-15 05:21,74.0
11-15 05:22,81.1
11-15 05:23,74.0
11-15 05:24,68.8
11-15 05:25,66.2
11-15 05:26,71.8
11-15 05:27,63.8
11-15 05:28,69.9
11-15 05:29,66.7
11-15 05:30,66.9
11-15 05:31,66.7
11-15 05:32,66.6
11-15 05:33,69.6
11-15 05:34,65.9
11-15 05:35,64.4
11-15 05:36,65.1
11-15 05:37,66.9
11-15 05:38,65.2
11-15 05:39,68.4
11-15 05:40,69.4
11-15 05:41,70.1
11-15 05:42,68.7
11-15 05:43,68.5
11-15 05:44,72.9
11-15 05:45,71.7
11-15 05:46,80.0
11-15 05:47,85.2
11-15 05:48,74.9
11-15 05:49,67.8
11-15 05:50,69.2
11-15 05:51,72.8
11-15 05:52,65.6
11-15 05:53,76.6
11-15 05:54,78.4
11-15 05:55,65.3
11-15 05:56,65.3
11-15 05:57,72.7
11-15 05:58,68.4
11-15 05:59,78.4
11-15 06:00,78.5
11-15 06:01,86.4
11-15 06:02,80.1
11-15 06:03,82.3
11-15 06:04,75.6
11-15 06:05,82.7
11-15 06:06,75.6
11-15 06:07,70.9
11-15 06:08,72.7
11-15 06:09,75.9
11-15 06:10,69.7
11-15 06:11,71.2
11-15 06:12,70.9
11-15 06:13,69.2
11-15 06:14,77.0
11-15 06:15,77.0
11-15 06:16,70.3
11-15 06:17,70.1
11-15 06:18,70.4
11-15 06:19,69.2
11-15 06:20,71.7
11-15 06:21,69.5
11-15 06:22,70.4
11-15 06:23,74.7
11-15 06:24,75.9
11-15 06:25,72.4
11-15 06:26,71.2
11-15 06:27,72.0
11-15 06:28,70.3
11-15 06:29,73.7
11-15 06:30,71.8
11-15 06:31,73.1
11-15 06:32,74.0
11-15 06:33,79.6
11-15 06:34,68.1
11-15 06:35,68.6
11-15 06:36,66.8
11-15 06:37,61.9
11-15 06:38,68.7
11-15 06:39,65.6
11-15 06:40,65.4
11-15 06:41,72.7
11-15 06:42,78.7
11-15 06:43,68.8
11-15 06:44,73.8
11-15 06:45,78.7
11-15 06:46,76.1
11-15 06:47,74.5
11-15 06:48,68.4
11-15 06:49,66.5
11-15 06:50,68.0
11-15 06:51,67.1
11-15 06:52,66.1
11-15 06:53,66.1
11-15 06:54,76.2
11-15 06:55,70.7
11-15 06:56,75.0
11-15 06:57,65.8
11-15 06:58,60.6
11-15 06:59,66.6
11-15 07:00,61.4
11-15 07:01,80.7
11-15 07:02,69.0
11-15 07:03,73.1
11-15 07:04,72.3
11-15 07:05,72.4
11-15 07:06,69.9
11-15 07:07,66.7
11-15 07:08,75.5
11-15 07:09,71.9
11-15 07:10,62.1
11-15 07:11,66.9
11-15 07:12,62.7
11-15 07:13,60.1
11-15 07:14,63.3
11-15 07:15,64.6
11-15 07:16,61.5
11-15 07:17,69.4
11-15 07:18,70.5
11-15 07:19,66.9
11-15 07:20,66.6
11-15 07:21,64.9
11-15 07:22,65.5
11-15 07:23,68.0
11-15 07:24,66.4
11-15 07:25,62.3
11-15 07:26,63.4
11-15 07:27,63.6
11-15 07:28,63.5
11-15 07:29,77.8
11-15 07:30,64.8
11-15 07:31,61.7
11-15 07:32,73.0
11-15 07:33,68.2
11-15 07:34,62.5
11-15 07:35,59.8
11-15 07:36,61.0
11-15 07:37,60.2
11-15 07:38,61.8
11-15 07:39,59.9
11-15 07:40,60.2
11-15 07:41,60.5
11-15 07:42,60.3
11-15 07:43,59.5
11-15 07:44,59.0
11-15 07:45,60.4
11-15 07:46,62.8
11-15 07:47,63.8
11-15 07:48,60.8
11-15 07:49,59.3
11-15 07:50,59.6
11-15 07:51,59.4
11-15 07:52,58.2
11-15 07:53,58.8
11-15 07:54,60.8
11-15 07:55,58.4
11-15 07:56,57.2
11-15 07:57,57.4
11-15 07:58,57.8
11-15 07:59,57.1
11-15 08:00,57.5
11-15 08:01,58.4
11-15 08:02,57.3
11-15 08:03,57.4
11-15 08:04,57.2
11-15 08:05,59.5
11-15 08:06,59.0
11-15 08:07,58.9
11-15 08:08,62.7
11-15 08:09,60.5
11-15 08:10,60.7
11-15 08:11,61.0
11-15 08:12,61.7
11-15 08:13,60.9
11-15 08:14,59.7
11-15 08:15,62.9
11-15 08:16,60.4
11-15 08:17,59.1
11-15 08:18,58.2
11-15 08:19,58.7
11-15 08:20,58.5
11-15 08:21,59.5
11-15 08:22,57.0
11-15 08:23,59.7
11-15 08:24,59.5
11-15 08:25,59.3
11-15 08:26,58.2
11-15 08:27,58.8
11-15 08:28,59.2
11-15 08:29,59.1
11-15 08:30,58.4
11-15 08:31,69.1
11-15 08:32,65.6
11-15 08:33,63.7
11-15 08:34,72.9
11-15 08:35,67.4
11-15 08:36,65.9
11-15 08:37,64.4
11-15 08:38,66.1
11-15 08:39,64.3
11-15 08:40,64.9
11-15 08:41,60.8
11-15 08:42,59.0
11-15 08:43,59.5
11-15 08:44,60.3
11-15 08:45,66.8
11-15 08:46,70.4
11-15 08:47,66.7
11-15 08:48,65.0
11-15 08:49,64.9
11-15 08:50,64.4
11-15 08:51,65.9
11-15 08:52,64.3
11-15 08:53,69.0
11-15 08:54,65.7
11-15 08:55,61.5
11-15 08:56,60.6
11-15 08:57,60.4
11-15 08:58,59.8
11-15 08:59,61.6
11-15 09:00,60.5
11-15 09:01,60.6
11-15 09:02,60.6
11-15 09:03,61.1
11-15 09:04,60.6
11-15 09:05,60.7
11-15 09:06,62.7
11-15 09:07,59.6
11-15 09:08,61.1
11-15 09:09,58.9
11-15 09:10,58.9
11-15 09:11,67.4
11-15 09:12,65.8
11-15 09:13,64.4
11-15 09:14,66.5
11-15 09:15,63.0
11-15 09:16,62.1
11-15 09:17,63.2
11-15 09:18,63.9
11-15 09:19,59.5
11-15 09:20,60.5
11-15 09:21,65.7
11-15 09:22,66.9
11-15 09:23,64.3
11-15 09:24,62.3
11-15 09:25,63.7
11-15 09:26,62.4
11-15 09:27,64.0
11-15 09:28,64.4
11-15 09:29,63.5
11-15 09:30,62.6
11-15 09:31,63.0
11-15 09:32,64.2
11-15 09:33,63.2
11-15 09:34,64.5
11-15 09:35,62.3
11-15 09:36,63.1
11-15 09:37,64.0
11-15 09:38,64.2
11-15 09:39,62.1
11-15 09:40,61.6
11-15 09:41,62.4
11-15 09:42,63.4
11-15 09:43,61.1
11-15 09:44,61.3
11-15 09:45,62.7
11-15 09:46,63.3
11-15 09:47,60.6
11-15 09:48,59.5
11-15 09:49,60.4
11-15 09:50,60.3
11-15 09:51,60.6
11-15 09:52,59.4
11-15 09:53,59.9
11-15 09:54,60.1
11-15 09:55,58.0
11-15 09:56,58.9
11-15 09:57,57.4
11-15 09:58,57.4
11-15 09:59,58.0
11-15 10:00,58.1
11-15 10:01,70.3
11-15 10:02,70.4
11-15 10:03,64.0
11-15 10:04,64.1
11-15 10:05,69.0
11-15 10:06,65.7
11-15 10:07,65.4
11-15 10:08,67.8
11-15 10:09,65.3
11-15 10:10,64.4
11-15 10:11,64.3
11-15 10:12,64.6
11-15 10:13,66.4
11-15 10:14,67.6
11-15 10:15,62.6
11-15 10:16,63.2
11-15 10:17,61.6
11-15 10:18,61.8
11-15 10:19,62.4
11-15 10:20,61.6
11-15 10:21,65.4
11-15 10:22,62.7
11-15 10:23,62.5
11-15 10:24,61.7
11-15 10:25,58.3
11-15 10:26,59.1
11-15 10:27,75.5
11-15 10:28,62.6
11-15 10:29,58.1
11-15 10:30,58.4
11-15 10:31,57.5
11-15 10:32,57.4
11-15 10:33,57.9
11-15 10:34,58.2
11-15 10:35,58.9
11-15 10:36,58.4
11-15 10:37,59.3
11-15 10:38,60.0
11-15 10:39,60.2
11-15 10:40,59.2
11-15 10:41,74.8
11-15 10:42,60.8
11-15 10:43,60.6
11-15 10:44,66.1
11-15 10:45,67.1
11-15 10:46,61.6
11-15 10:47,70.1
11-15 10:48,61.6
11-15 10:49,60.8
11-15 10:50,61.6
11-15 10:51,60.0
11-15 10:52,57.9
11-15 10:53,59.0
11-15 10:54,61.1
11-15 10:55,62.0
11-15 10:56,59.7
11-15 10:57,58.1
11-15 10:58,60.3
11-15 10:59,60.5
11-15 11:00,57.8
11-15 11:01,62.0
11-15 11:02,57.5
11-15 11:03,59.0
11-15 11:04,57.8
11-15 11:05,58.5
11-15 11:06,60.7
11-15 11:07,58.7
11-15 11:08,58.1
11-15 11:09,57.4
11-15 11:10,57.0
11-15 11:11,59.1
11-15 11:12,61.4
11-15 11:13,58.2
11-15 11:14,57.8
11-15 11:15,57.4
11-15 11:16,57.3
11-15 11:17,57.2
11-15 11:18,57.4
11-15 11:19,57.1
11-15 11:20,57.5
11-15 11:21,57.8
11-15 11:22,57.4
11-15 11:23,57.4
11-15 11:24,58.7
11-15 11:25,61.2
11-15 11:26,59.7
11-15 11:27,58.5
11-15 11:28,58.5
11-15 11:29,58.6
11-15 11:30,58.9
11-15 11:31,59.6
11-15 11:32,58.4
11-15 11:33,75.1
11-15 11:34,61.4
11-15 11:35,59.2
11-15 11:36,60.2
11-15 11:37,64.5
11-15 11:38,69.5
11-15 11:39,61.5
11-15 11:40,60.7
11-15 11:41,63.7
11-15 11:42,60.1
11-15 11:43,62.3
11-15 11:44,59.7
11-15 11:45,58.9
11-15 11:46,60.3
11-15 11:47,59.9
11-15 11:48,58.4
11-15 11:49,63.8
11-15 11:50,64.5
11-15 11:51,60.2
11-15 11:52,64.6
11-15 11:53,72.4
11-15 11:54,58.8
11-15 11:55,58.8
11-15 11:56,60.9
11-15 11:57,60.1
11-15 11:58,69.5
11-15 11:59,65.3
11-15 12:00,60.8
11-15 12:01,60.7
11-15 12:02,57.2
11-15 12:03,58.9
11-15 12:04,57.8
11-15 12:05,57.6
11-15 12:06,57.6
11-15 12:07,60.0
11-15 12:08,62.1
11-15 12:09,58.0
11-15 12:10,58.3
11-15 12:11,60.3
11-15 12:12,68.7
11-15 12:13,61.3
11-15 12:14,61.5
11-15 12:15,67.3
11-15 12:16,63.8
11-15 12:17,61.8
11-15 12:18,60.6
11-15 12:19,57.6
11-15 12:20,62.5
11-15 12:21,59.6
11-15 12:22,57.6
11-15 12:23,59.8
11-15 12:24,57.9
11-15 12:25,58.5
11-15 12:26,60.3
11-15 12:27,60.8
11-15 12:28,58.2
11-15 12:29,62.9
11-15 12:30,63.3
11-15 12:31,58.1
11-15 12:32,60.3
11-15 12:33,59.2
11-15 12:34,64.0
11-15 12:35,60.2
11-15 12:36,57.7
11-15 12:37,57.2
11-15 12:38,59.2
11-15 12:39,57.5
11-15 12:40,57.1
11-15 12:41,57.1
11-15 12:42,57.5
11-15 12:43,57.0
11-15 12:44,57.5
11-15 12:45,57.4
11-15 12:46,57.3
11-15 12:47,57.3
11-15 12:48,57.0
11-15 12:49,56.9
11-15 12:50,57.4
11-15 12:51,57.2
11-15 12:52,57.6
11-15 12:53,57.0
11-15 12:54,57.6
11-15 12:55,57.2
11-15 12:56,56.7
11-15 12:57,57.2
11-15 12:58,57.1
11-15 12:59,57.2
11-15 13:00,57.6
11-15 13:01,58.1
11-15 13:02,57.8
11-15 13:03,58.5
11-15 13:04,57.3
11-15 13:05,57.1
11-15 13:06,57.0
11-15 13:07,57.2
11-15 13:08,59.3
11-15 13:09,60.6
11-15 13:10,57.0
11-15 13:11,57.6
11-15 13:12,57.3
11-15 13:13,57.2
11-15 13:14,57.5
11-15 13:15,58.7
11-15 13:16,57.9
11-15 13:17,57.8
11-15 13:18,59.0
11-15 13:19,58.9
11-15 13:20,58.0
11-15 13:21,60.8
11-15 13:22,59.9
11-15 13:23,58.5
11-15 13:24,59.5
11-15 13:25,60.2
11-15 13:26,59.7
11-15 13:27,59.5
11-15 13:28,58.2
11-15 13:29,59.7
11-15 13:30,59.6
11-15 13:31,59.4
11-15 13:32,59.4
11-15 13:33,57.8
11-15 13:34,56.9
11-15 13:35,59.2
11-15 13:36,60.1
11-15 13:37,58.2
11-15 13:38,59.9
11-15 13:39,58.8
11-15 13:40,60.4
11-15 13:41,68.4
11-15 13:42,72.1
11-15 13:43,59.4
11-15 13:44,57.8
11-15 13:45,59.8
11-15 13:46,58.7
11-15 13:47,57.4
11-15 13:48,58.0
11-15 13:49,57.9
11-15 13:50,57.3
11-15 13:51,57.5
11-15 13:52,57.3
11-15 13:53,57.8
11-15 13:54,57.6
11-15 13:55,57.4
11-15 13:56,57.7
11-15 13:57,57.2
11-15 13:58,57.1
11-15 13:59,57.5
11-15 14:00,57.5
11-15 14:01,69.5
11-15 14:02,67.3
11-15 14:03,59.5
11-15 14:04,57.7
11-15 14:05,59.2
11-15 14:06,66.7
11-15 14:07,62.0
11-15 14:08,62.2
11-15 14:09,59.0
11-15 14:10,58.5
11-15 14:11,61.6
11-15 14:12,60.1
11-15 14:13,57.7
11-15 14:14,58.4
11-15 14:15,57.8
11-15 14:16,57.7
11-15 14:17,59.5
11-15 14:18,61.8
11-15 14:19,72.5
11-15 14:20,76.9
11-15 14:21,72.9
11-15 14:22,65.6
11-15 14:23,62.1
11-15 14:24,60.6
11-15 14:25,58.4
11-15 14:26,58.5
11-15 14:27,61.4
11-15 14:28,58.0
11-15 14:29,75.6
11-15 14:30,59.4
11-15 14:31,66.7
11-15 14:32,80.7
11-15 14:33,67.8
11-15 14:34,62.1
11-15 14:35,71.0
11-15 14:36,58.2
11-15 14:37,57.5
11-15 14:38,64.7
11-15 14:39,58.2
11-15 14:40,57.1
11-15 14:41,57.3
11-15 14:42,57.5
11-15 14:43,66.0
11-15 14:44,68.1
11-15 14:45,64.3
11-15 14:46,61.4
11-15 14:47,62.8
11-15 14:48,63.0
11-15 14:49,64.1
11-15 14:50,66.2
11-15 14:51,76.0
11-15 14:52,76.9
11-15 14:53,63.5
11-15 14:54,70.1
11-15 14:55,69.6
11-15 14:56,71.0
11-15 14:57,62.7
11-15 14:58,59.3
11-15 14:59,69.3
11-15 15:00,69.1
11-15 15:01,72.8
11-15 15:02,70.2
11-15 15:03,70.9
11-15 15:04,72.1
11-15 15:05,77.1
11-15 15:06,74.5
11-15 15:07,71.8
11-15 15:08,78.1
11-15 15:09,76.0
11-15 15:10,83.0
11-15 15:11,85.5
11-15 15:12,89.0
11-15 15:13,77.8
11-15 15:14,81.2
11-15 15:15,80.2
11-15 15:16,76.6
11-15 15:17,80.9
11-15 15:18,81.4
11-15 15:19,69.4
11-15 15:20,80.0
11-15 15:21,76.8
11-15 15:22,72.0
11-15 15:23,81.4
11-15 15:24,78.2
11-15 15:25,76.1
11-15 15:26,83.3
11-15 15:27,82.6
11-15 15:28,75.7
11-15 15:29,74.6
11-15 15:30,80.8
11-15 15:31,71.8
11-15 15:32,73.1
11-15 15:33,74.4
11-15 15:34,69.3
11-15 15:35,77.0
11-15 15:36,75.7
11-15 15:37,73.9
11-15 15:38,85.9
11-15 15:39,89.0
11-15 15:40,71.1
11-15 15:41,78.9
11-15 15:42,73.8
11-15 15:43,59.2
11-15 15:44,58.8
11-15 15:45,60.3
11-15 15:46,63.3
11-15 15:47,63.3
11-15 15:48,61.1
